nama_produk,harga_produk,produk_terjual
POP SOCKET RING HP KARAKTER POP SOCKET AIR WATER GLITER MOTIF,Rp8.500,365 Terjual
Powerbank 20000mAh 3 Cables Fast Charging Full Capacity Mini Dual USB Portable Digital Display LED,Rp90.250 - Rp94.050,327 Terjual
PowerBank 60000mAh 4 USB Fast Charging External Battery Powerbank LED Digital Display Portable,Rp121.600 - Rp200.450,452 Terjual
PHONE HOLDER SEPEDA MOTOR UNIVERSAL. HOLDER HP MOTOR STANG SPION - STANG,Rp16.500,"1,9RB Terjual"
Bisa Konek HP Pakai Proyektor Mini Original | Proyektor Portable | Wifi Projector | Anycast WiFi,Rp225.000 - Rp875.000,"2,4RB Terjual"
accesoris,Rp1.500.000,
Accesoris Cap & Door Cover Iqos3 Duos Tidal Blue,Rp300.000,
Accesoris Gelang Hitam,Rp460.000,
✳ Premium 1set Stiker Cutting Intel Asus Rog Dll Buat Accesoris Laptop Dan Hp CUSTOM ✮,Rp17.500,
Tas Motor Smartphone Holder Motorcycle Fuel Bag accesoris mobil motor burnhilda,Rp169.130,
Phone Holder Lipat Folding Desktop Mobile Phone Holder Dudukan Hp Zoom Meeting accesoris,Rp45.000,
cantolan ram gantungan besi accesoris,Rp8.000,
accesoris hp,Rp1.884.150,
Tali Handphone - Gantungan Handphone - Accesoris,Rp4.750,
accesoris handphone,Rp12.000,
POP SOCKET RING HP KARAKTER POP SOCKET AIR WATER GLITER MOTIF,Rp8.500,365 Terjual
Powerbank 20000mAh 3 Cables Fast Charging Full Capacity Mini Dual USB Portable Digital Display LED,Rp90.250 - Rp94.050,327 Terjual
PowerBank 60000mAh 4 USB Fast Charging External Battery Powerbank LED Digital Display Portable,Rp121.600 - Rp200.450,452 Terjual
PHONE HOLDER SEPEDA MOTOR UNIVERSAL. HOLDER HP MOTOR STANG SPION - STANG,Rp16.500,"1,9RB Terjual"
Bisa Konek HP Pakai Proyektor Mini Original | Proyektor Portable | Wifi Projector | Anycast WiFi,Rp225.000 - Rp875.000,"2,4RB Terjual"
accesoris,Rp1.500.000,
Accesoris Cap & Door Cover Iqos3 Duos Tidal Blue,Rp300.000,
Accesoris Gelang Hitam,Rp460.000,
✳ Premium 1set Stiker Cutting Intel Asus Rog Dll Buat Accesoris Laptop Dan Hp CUSTOM ✮,Rp17.500,
Tas Motor Smartphone Holder Motorcycle Fuel Bag accesoris mobil motor burnhilda,Rp169.130,
Phone Holder Lipat Folding Desktop Mobile Phone Holder Dudukan Hp Zoom Meeting accesoris,Rp45.000,
cantolan ram gantungan besi accesoris,Rp8.000,
accesoris hp,Rp1.884.150,
Tali Handphone - Gantungan Handphone - Accesoris,Rp4.750,
accesoris handphone,Rp12.000,
